{"cameraMode":{"drawMode":0,"name":"Shaded","section":"Shading Mode"},"sceneLighting":false,"audioPlay":false,"sceneViewState":{"showFog":true,"showMaterialUpdate":false,"showSkybox":false,"showFlares":true,"showImageEffects":true,"showParticleSystems":true},"in2DMode":false,"pivot":{"x":68.91000366210938,"y":1.311324119567871,"z":-142.14999389648438},"rotation":{"x":-0.26424768567085268,"y":0.43864643573760989,"z":-0.14094868302345277,"w":-0.8481983542442322},"size":2.7185277938842775,"orthographic":false}